id,goal,boundary,related_files,sync_targets,depends_on,status,validation,completed_at,notes
1,"挂载点换成 agent/created 串行监听器，删除对 agents.create/resume 的包装","只改挂载入口、安装/卸载与相关注释；不动连接管理与投射；不改面板","lib/workspace-runtime.js;lib/index.js;test/workspace-runtime.test.mjs;test/real-host-integration.test.mjs;test/package-contract.test.mjs","symbol:installAgentRuntime;symbol:installAgentRuntimeWhenReady;symbol:composeAgentSetup;symbol:AGENT_METHODS;symbol:AGENT_WRAPPED;symbol:agentWorkspaceStates","","DONE","node --test test/workspace-runtime.test.mjs test/package-contract.test.mjs test/real-host-integration.test.mjs","2026-10-01","净 -41 行生产代码：删 composeAgentSetup / installAgentRuntimeWhenReady / 装饰器与 generation+restore 记账 / 四个模块级符号；改成一个事件订阅 + 纯挂载函数。真宿主新增「事务内完成挂载」「抛错否决创建（夹具保真度对照）」「连不上报连接失败且不否决会话」"
2,"连接生命周期配置驱动：会话结束不拆连接，空闲超时才回收","只改共享连接 acquire/release/回收策略与配置映射；不动投射；不改全局 MCP 路径","lib/workspace-runtime.js;lib/mcp-config.js;lib/workspace-config.js;test/workspace-runtime.test.mjs;test/workspace-config.test.mjs;test/real-host-integration.test.mjs;test/package-contract.test.mjs","symbol:acquireSharedConnection;symbol:releaseSharedConnection;symbol:sharedConnBucket;symbol:projectConnectionsView;symbol:specToMcpEntry;config:idleTimeoutMs","1","DONE","node --test test/workspace-runtime.test.mjs test/workspace-config.test.mjs test/real-host-integration.test.mjs","2026-10-01","release（归还→空闲计时器，unref）与 retire（立刻销毁）分成两条路径；诊断视图加 idleTimeoutMs/idle；idleTimeoutMs 不进 MANAGED_CONFIG_FIELDS。真宿主验到「末个会话结束→连接与子进程都留着→空闲超时才退出」"
3,"所有写路径经 writeWorkspaceConfigFile 后就地重载：新增即挂、删除即撤、改配置不换名重载","只改写路径与其后的 reconcile；不改面板状态语义（row 6）","lib/workspace-runtime.js;lib/index.js;test/workspace-runtime.test.mjs;test/package-contract.test.mjs","symbol:writeWorkspaceConfigFile;symbol:summarizeWorkspaceRow;symbol:warnStaleConfig","2","DONE","node --test test/workspace-runtime.test.mjs test/package-contract.test.mjs","2026-10-01","新增 reconcileWorkspaceConnections（唯一同步点）+ retireStaleConnection（挂载路径上的就地重载，手改配置也会被采纳）+ repointConnectionSlots / dropConnectionSlots（改配置改指新连接、删除整批撤投射）。删 warnStaleConfig。真宿主：会话开着时写配置→立刻可用；移除→工具撤掉且子进程退出"
4,"首轮前就绪：挂载时等待连接就绪，用共享总预算且超时不阻断","只改挂载点内部；不动 mcp-client；不引入工具清单缓存","lib/workspace-runtime.js;lib/mcp-config.js;lib/workspace-config.js;test/real-host-integration.test.mjs;test/workspace-config.test.mjs","symbol:waitForConnectionReady;config:readyTimeoutMs","1;2","DONE","node --test test/real-host-integration.test.mjs test/workspace-config.test.mjs","2026-10-01","readyTimeoutMs（默认 5000，0=不等）是本次会话创建的共享预算（取各 server 上限的最大值，不逐个相加）；预算内等就绪后再投射，超时不算失败、由 tools/change 补投射。真宿主用例改为**无 waitFor** 断言「create() 返回即已含工具」"
5,"耗尽即重建：mcp-client 终态检测 + 面板重载入口","只加重建路径与一个 RPC；不动 mcp-client 自己的重连策略","lib/workspace-runtime.js;lib/index.js;lib/typert.js;lib/client.js;test/real-host-integration.test.mjs;test/typert-manifest.test.mjs","symbol:isDeadConnection;symbol:retireDeadConnection;symbol:reconnectWorkspaceServer;pkg:typert-manifest","3","DONE","node --test test/typert-manifest.test.mjs test/real-host-integration.test.mjs","2026-10-01","isDeadConnection（fiber ACTIVE + 0 工具 + 存在>5s）→ 下次挂载自动重建；reconnectWorkspaceServer 走 runtime + Remote RPC + typert manifest + 面板「重连」按钮（项目行不再禁用）。真宿主用可控夹具（control 文件 + exit 工具）：预算耗尽工具消失 → 重连 → 工具回来且真能调用"
6,"面板分开报连接态与投射范围；项目行不再出现歧义的『待会话挂载』","只改项目行状态推导与文案；不新增视觉形态；不扩展 deriveMcpPhase 取值域","lib/client.js;lib/index.js;README.md;README.en.md;test/client-behavior.test.mjs;test/package-contract.test.mjs","symbol:wsSub;symbol:deriveMcpPhase","3","DONE","node --test test/client-behavior.test.mjs test/package-contract.test.mjs","2026-10-01","wsSub/mountFailed/scopeFailed 提到模块作用域并从 __test 暴露（纯函数可测）；文案改为「已连接 · N 个会话在用 · M 工具」/「已连接 · 当前无会话使用（连接保留，下次直接用）」/「尚未建立连接（新会话自动挂载）」。删掉 configStale 徽标、提示文案与 Host 的 row.configStale 字段；两处 README 同步"
7,"文档与决策记录同步：生效时机语义表 + 三条否决理由与宿主槽位证据","只写文档与钉住文档的测试；不改实现","docs/design.md;docs/project-mcp-lifecycle.md;README.md;README.en.md;test/package-contract.test.mjs","doc:docs/design.md;doc:docs/project-mcp-lifecycle.md;test:package-contract","5;6","DONE","node --test test/package-contract.test.mjs","2026-10-01","docs/design.md 新增「生效时机语义表」，改写连接状态语义（两事实）、首轮就绪、已知限制（去掉配置粘性/等待窗口两条过期项）；新增 docs/project-mcp-lifecycle.md（契约出处逐条 + 三条否决 + 验证锚点）"
8,"独立 web 实例端到端验收","只在独立实例上验收与记录证据；不改代码","docs/design.md",".tasks/mcp-project-contract/PROGRESS.md","3;5;6","IN_PROGRESS","在独立 web 实例（非桌面端）上逐项验收：面板显示两事实；新建会话首轮即含项目工具；改配置后无需重开会话即生效；杀掉 MCP 服务后失败可辨且可一键重载；关掉全部会话后连接仍为已连接（空闲保留）","","已建 mcpdev profile 并用 link: 挂上 worktree 开发版（dsh plugin --profile mcpdev add link:<worktree>）；`dsh --profile mcpdev web --port 19399` 启动中但端口迟迟不就绪，正在诊断"
9,"审查轮自查修补：编辑表单丢字段 / 配置对齐阻塞写盘 / 指纹判定重复 / 术语一致性","只改相关的投影、表单回填、对齐路径与文案；不改设计","lib/index.js;lib/client.js;lib/workspace-runtime.js;docs/design.md;docs/installation.md;README.md;test/workspace-runtime.test.mjs;test/package-contract.test.mjs","symbol:isConfigStale;symbol:workspaceServerView;symbol:mountProjectMcpForAgent;config:idleTimeoutMs;config:readyTimeoutMs","3;6","DONE","node --test = 249/249；新增断言：视图投影回填字段、配置对齐不等就绪（时序）、空闲计时器与重新引用的竞态、监听器自吞抛错","2026-10-01","提交 a03be47。发现途径：审查期间自己的边界复核。两处是真实用户可见缺陷：编辑表单重建 spec 会丢 disabled（编辑一次就把禁用的 server 启用）与两个新旋钮；reconcile 逐会话等就绪会让一次面板保存阻塞 N×预算"
10,"独立代码审查处置：F1 真实缺陷（终态重建漏掉其余会话）+ F2 根因合并 + F3/F5/F8/F10 修复 + F4/F9 测试加固","只改审查指出的路径与对应测试；不改设计","lib/workspace-runtime.js;lib/index.js;test/workspace-runtime.test.mjs;test/real-host-integration.test.mjs;test/package-contract.test.mjs","symbol:moveSlotToConnection;symbol:isDeadConnection;symbol:isConfigStale;symbol:waitForConnectionReady;symbol:alignWorkspaceConnections","3;5;6;9","DONE","node --test = 250/250；新增回归用例并验证过它在退回旧行为时失败；真宿主连跑 3 遍 6/6","2026-10-01","提交 078401f。审查给出 fixes-required（F1/F3/F4 为要修项）；逐条判定见提交信息。唯一未加测试的是 F10 的「对齐失败只记日志」那条防御边界（需要对内部做故障注入），已在代码注释与提交里写明。审查另有三条「未发现问题」的明确声明（引用计数漂移/空闲计时器竞态/僵尸工具），与我的自查一致"
